,,,"Children aged <5 years stunted (%)","Children aged <5 years stunted (%)","Children aged <5 years stunted (%)"
"Country","Year","Data Source","Both sexes","Female","Male"
"Afghanistan","2004","NLIS_312819","59.3","58.5","60.0"
"Afghanistan","1997","NLIS_311900","53.2","",""
"Albania","2008-2009","NLIS_313062","23.1","23.4","22.8"
"Albania","2005","NLIS_312879","27.0","23.8","29.6"
"Albania","2000","NLIS_312361","39.2","38.1","40.4"
"Albania","1996-1998","NLIS_311954","20.4","",""
"Algeria","2012-2013","NLIS_313261","11.7","10.7","12.6"
"Algeria","2005","NLIS_312965","15.9","15.0","16.7"
"Algeria","2002","NLIS_312644","23.3","21.5","25.1"
"Algeria","2000","NLIS_312226","23.6","22.2","24.9"
"Algeria","1995","NLIS_311651","22.5","22.0","22.9"
"Algeria","1992","NLIS_310750","22.9","22.7","23.1"
"Algeria","1987","NLIS_310371","16.9","",""
"Angola","2007","NLIS_313086","29.2","26.1","32.4"
"Angola","2001","NLIS_312435","50.8","47.3","54.5"
"Angola","1996","NLIS_312083","61.7","60.0","63.4"
"Argentina","2004-2005","NLIS_312769","8.2","8.1","8.2"
"Argentina","1995-1996","NLIS_312103","16.9","",""
"Argentina","1994","NLIS_311469","7.1","",""
"Armenia","2010","NLIS_313117","20.8","19.9","21.7"
"Armenia","2005","NLIS_312785","18.2","17.4","18.8"
"Armenia","2000-2001","NLIS_312344","17.7","17.0","18.2"
"Armenia","1998","NLIS_311865","15.1","15.9","14.5"
"Australia","2007","NLIS_312646","1.8","",""
"Australia","1995-1996","NLIS_311832","0.0","",""
"Azerbaijan","2013","NLIS_313269","18.0","17.7","18.2"
"Azerbaijan","2006","NLIS_312933","26.8","24.9","28.5"
"Azerbaijan","2001","NLIS_312569","18.0","",""
"Azerbaijan","2000","NLIS_312244","24.1","23.8","24.4"
"Azerbaijan","1996","NLIS_311628","28.0","",""
"Bahrain","1995","NLIS_312296","13.6","",""
"Bahrain","1989","NLIS_311511","13.9","",""
"Bangladesh","2014","NLIS_313249","36.1","",""
"Bangladesh","2013","NLIS_313244","38.7","37.8","39.6"
"Bangladesh","2012-2013","NLIS_313229","42.0","",""
"Bangladesh","2011","NLIS_313135","41.4","42.1","40.7"
"Bangladesh","2007","NLIS_312928","43.2","42.6","43.8"
"Bangladesh","2006","NLIS_312878","47.0","46.6","47.4"
"Bangladesh","2005","NLIS_312784","47.8","47.2","48.3"
"Bangladesh","2004","NLIS_312705","50.5","49.6","51.3"
"Bangladesh","2004","NLIS_312849","48.7","48.0","49.5"
"Bangladesh","2003","NLIS_312641","49.8","49.5","50.2"
"Bangladesh","2002","NLIS_312640","53.5","52.1","54.9"
"Bangladesh","2001","NLIS_312413","55.4","54.5","56.1"
"Bangladesh","2000","NLIS_312844","57.2","55.5","58.8"
"Bangladesh","1999-2000","NLIS_312280","50.8","50.7","50.9"
"Bangladesh","1999","NLIS_312104","62.4","60.7","63.9"
"Bangladesh","1998","NLIS_311935","61.8","60.7","62.9"
"Bangladesh","1996-1997","NLIS_311759","59.7","59.5","59.8"
"Bangladesh","1996","NLIS_312839","66.5","66.0","67.0"
"Bangladesh","1995-1996","NLIS_311901","56.7","",""
"Bangladesh","1995","NLIS_312836","68.5","68.5","68.4"
"Bangladesh","1994","NLIS_312835","70.1","69.7","70.5"
"Bangladesh","1993","NLIS_312832","72.1","71.7","72.5"
"Bangladesh","1992","NLIS_311568","68.1","",""
"Bangladesh","1992","NLIS_312831","74.5","74.6","74.4"
"Bangladesh","1991","NLIS_312828","76.7","77.3","76.1"
"Bangladesh","1989-1990","NLIS_310370","63.4","",""
"Bangladesh","1985-1986","NLIS_310369","70.9","",""
"Bangladesh","1982-1983","NLIS_310302","71.1","",""
"Barbados","2012","NLIS_313238","7.7","8.9","8.9"
"Barbados","1981","NLIS_310187","10.2","9.2","11.2"
"Belarus","2005","NLIS_312824","4.5","4.2","4.7"
"Belize","2011","NLIS_313154","19.3","20.0","18.6"
"Belize","2006","NLIS_312881","22.2","20.5","24.0"
"Benin","2014","NLIS_313262","34.0","",""
"Benin","2006","NLIS_312886","44.7","41.6","47.9"
"Benin","2001","NLIS_312357","39.1","37.4","40.9"
"Benin","1996","NLIS_311714","34.5","29.5","39.4"
"Bhutan","2010","NLIS_313077","33.6","33.7","33.6"
"Bhutan","2008","NLIS_312967","34.9","31.8","37.7"
"Bhutan","1999","NLIS_312015","47.7","43.4","52.1"
"Bhutan","1986-1988","NLIS_310374","60.9","",""
"Bolivia (Plurinational State of)","2008","NLIS_312948","27.2","26.2","28.1"
"Bolivia (Plurinational State of)","2003-2004","NLIS_312666","32.5","31.4","33.5"
"Bolivia (Plurinational State of)","1998","NLIS_311911","33.1","31.9","34.3"
"Bolivia (Plurinational State of)","1993-1994","NLIS_311359","35.2","32.9","37.3"
"Bolivia (Plurinational State of)","1989","NLIS_310232","41.7","37.8","45.6"
"Bolivia (Plurinational State of)","1981","NLIS_310156","48.6","",""
"Bosnia and Herzegovina","2011-2012","NLIS_313158","8.9","8.9","8.9"
"Bosnia and Herzegovina","2006","NLIS_312826","11.8","10.7","12.8"
"Bosnia and Herzegovina","2000","NLIS_312362","12.1","11.0","13.2"
"Botswana","2007-2008","NLIS_313092","31.4","28.7","34.0"
"Botswana","2000","NLIS_312353","29.1","26.6","31.6"
"Botswana","1996","NLIS_312018","35.1","",""
"Brazil","2006-2007","NLIS_312870","7.1","5.8","8.3"
"Brazil","1996","NLIS_311680","13.5","11.5","15.4"
"Brazil","1989","NLIS_310234","19.4","17.8","20.9"
"Brunei Darussalam","2009","NLIS_313245","19.7","16.7","22.8"
"Bulgaria","2004","NLIS_312768","8.8","12.0","5.3"
"Burkina Faso","2010","NLIS_313136","35.1","32.8","37.4"
"Burkina Faso","2009","NLIS_313039","35.1","32.0","37.9"
"Burkina Faso","2006","NLIS_312918","42.4","39.4","45.3"
"Burkina Faso","2003","NLIS_312626","43.1","40.9","45.2"
"Burkina Faso","1998-1999","NLIS_312137","45.5","43.9","47.1"
"Burkina Faso","1992-1993","NLIS_310968","40.7","38.8","42.6"
"Burundi","2010-2011","NLIS_313140","57.5","53.1","61.7"
"Burundi","2005","NLIS_313093","57.7","",""
"Burundi","2000","NLIS_312360","63.1","60.8","65.5"
"Burundi","1987","NLIS_310092","51.7","49.1","54.2"
"Cote d'Ivoire","2011-2012","NLIS_313175","29.6","26.4","32.9"
"Cote d'Ivoire","2007","NLIS_313054","39.0","37.8","40.1"
"Cote d'Ivoire","2006","NLIS_312854","40.1","36.6","43.4"
"Cote d'Ivoire","1998-1999","NLIS_312318","31.5","31.3","31.7"
"Cote d'Ivoire","1994","NLIS_311561","31.5","28.7","34.2"
"Cote d'Ivoire","1986","NLIS_310050","22.5","",""
"Cabo Verde","1994","NLIS_311972","21.4","",""
"Cabo Verde","1985","NLIS_310023","31.9","",""
"Cabo Verde","1983","NLIS_310032","23.3","",""
"Cambodia","2014","NLIS_313252","32.4","",""
"Cambodia","2010-2011","NLIS_313097","40.9","39.4","42.3"
"Cambodia","2008","NLIS_312931","39.5","38.1","40.9"
"Cambodia","2005-2006","NLIS_312801","43.7","41.0","46.6"
"Cambodia","2000","NLIS_312312","49.2","48.9","49.6"
"Cambodia","1996","NLIS_312086","58.6","56.1","61.1"
"Cameroon","2014","NLIS_313282","31.7","",""
"Cameroon","2011","NLIS_313130","32.6","30.1","35.3"
"Cameroon","2006","NLIS_312896","36.4","33.7","39.1"
"Cameroon","2004","NLIS_312698","35.4","33.9","36.9"
"Cameroon","1998","NLIS_311928","36.7","33.2","40.3"
"Cameroon","1991","NLIS_310375","36.3","33.8","38.8"
"Canada","1970-1972","NLIS_310189","6.4","6.5","6.4"
"Central African Republic","2010-2011","NLIS_313212","40.7","37.9","43.6"
"Central African Republic","2006","NLIS_313122","45.1","42.5","47.7"
"Central African Republic","2000","NLIS_312729","44.6","42.8","46.4"
"Central African Republic","1995","NLIS_311559","34.6","",""
"Central African Republic","1994-1995","NLIS_311563","40.2","37.0","43.3"
"Chad","2014-2015","NLIS_313279","39.9","38.8","41.0"
"Chad","2010","NLIS_313213","38.7","37.1","40.4"
"Chad","2004","NLIS_312760","44.8","44.3","45.3"
"Chad","2000","NLIS_312359","39.3","37.3","41.3"
"Chad","1996-1997","NLIS_311837","45.0","42.9","47.0"
"Chile","2014","NLIS_313247","1.8","1.6","2.1"
"Chile","2013","NLIS_313206","1.8","1.6","2.0"
"Chile","2008","NLIS_312920","2.0","1.8","2.2"
"Chile","2007","NLIS_312869","2.1","",""
"Chile","2006","NLIS_313084","2.2","",""
"Chile","2004","NLIS_312679","2.4","",""
"Chile","2003","NLIS_312679","2.5","",""
"Chile","2002","NLIS_312453","2.5","",""
"Chile","2001","NLIS_312452","2.8","",""
"Chile","1999","NLIS_312085","3.1","",""
"Chile","1998","NLIS_312084","3.3","",""
"Chile","1996","NLIS_311819","3.7","",""
"Chile","1995","NLIS_311641","3.9","",""
"Chile","1994","NLIS_311278","4.2","",""
"Chile","1986","NLIS_310190","13.5","",""
"Chile","1984","NLIS_310167","13.9","",""
"China","2010","NLIS_313102","9.4","8.9","9.9"
"China","2009","NLIS_313080","12.6","11.8","13.2"
"China","2008","NLIS_313008","13.7","",""
"China","2005","NLIS_313007","11.7","10.7","12.6"
"China","2002","NLIS_312789","21.8","20.8","22.7"
"China","2000","NLIS_313006","17.8","17.1","18.5"
"China","1998","NLIS_313005","19.8","19.3","20.2"
"China","1995","NLIS_313004","31.2","30.3","32.0"
"China","1992","NLIS_311473","38.0","37.1","38.8"
"China","1990","NLIS_313003","32.3","33.3","31.4"
"China","1987","NLIS_310354","38.3","",""
"Colombia","2009-2010","NLIS_313067","12.7","11.6","13.7"
"Colombia","2004-2005","NLIS_312771","16.2","14.7","17.8"
"Colombia","2000","NLIS_312282","18.1","17.1","19.0"
"Colombia","1995","NLIS_311608","19.7","17.2","22.1"
"Colombia","1989","NLIS_310203","21.8","",""
"Colombia","1986","NLIS_310221","25.9","22.7","29.0"
"Colombia","1977-1980","NLIS_310157","28.2","",""
"Colombia","1965-1966","NLIS_310157","38.1","",""
"Comoros","2012","NLIS_313198","32.1","30.2","34.1"
"Comoros","2000","NLIS_312363","46.9","47.3","46.5"
"Comoros","1996","NLIS_311705","41.4","37.7","44.9"
"Comoros","1991-1992","NLIS_311653","39.2","",""
"Congo","2014-2015","NLIS_313280","21.2","",""
"Congo","2011-2012","NLIS_313189","25.0","24.1","25.8"
"Congo","2005","NLIS_312767","31.2","29.0","33.2"
"Congo","1987","NLIS_310091","33.6","",""
"Costa Rica","2008-2009","NLIS_313073","5.6","6.6","4.8"
"Costa Rica","1996","NLIS_311829","9.0","",""
"Costa Rica","1982","NLIS_310168","11.0","",""
"Croatia","1995-1996","NLIS_311678","1.4","",""
"Croatia","1994-1995","NLIS_311678","1.6","",""
"Croatia","1993-1994","NLIS_311678","1.3","",""
"Cuba","2000","NLIS_313029","7.0","",""
"Czech Republic","2001-2002","NLIS_312764","2.6","2.1","3.1"
"Czech Republic","1991","NLIS_311277","3.1","",""
"Democratic People's Republic of Korea","2012","NLIS_313201","27.9","25.8","29.9"
"Democratic People's Republic of Korea","2009","NLIS_313074","32.4","32.4","32.4"
"Democratic People's Republic of Korea","2004","NLIS_312962","43.1","",""
"Democratic People's Republic of Korea","2002","NLIS_312471","44.7","41.9","47.2"
"Democratic People's Republic of Korea","2000","NLIS_312345","51.0","",""
"Democratic People's Republic of Korea","1998","NLIS_311871","63.9","",""
"Democratic Republic of the Congo","2013-2014","NLIS_313236","42.6","40.2","45.0"
"Democratic Republic of the Congo","2010","NLIS_313156","43.5","39.7","47.5"
"Democratic Republic of the Congo","2007","NLIS_312888","45.8","43.3","48.5"
"Democratic Republic of the Congo","2001","NLIS_312393","44.4","41.3","47.5"
"Democratic Republic of the Congo","1995","NLIS_311558","51.0","",""
"Djibouti","2012","NLIS_313126","33.5","33.3","33.8"
"Djibouti","2006","NLIS_312950","32.6","31.0","34.0"
"Djibouti","2002","NLIS_312898","26.5","24.6","28.3"
"Djibouti","1996","NLIS_311936","31.7","",""
"Djibouti","1989","NLIS_310380","28.0","",""
"Dominican Republic","2013","NLIS_313235","7.1","6.1","8.0"
"Dominican Republic","2007","NLIS_312919","10.1","8.9","11.2"
"Dominican Republic","2006","NLIS_313079","10.5","",""
"Dominican Republic","2002","NLIS_312580","11.7","10.1","13.2"
"Dominican Republic","2000","NLIS_312356","8.0","6.5","9.4"
"Dominican Republic","1996","NLIS_311827","13.9","11.3","16.3"
"Dominican Republic","1991","NLIS_310365","21.2","18.2","23.9"
"Dominican Republic","1986","NLIS_310214","22.2","17.7","27.1"
"Ecuador","2012-2013","NLIS_313242","25.2","24.6","25.8"
"Ecuador","2004","NLIS_312782","29.0","27.3","30.5"
"Ecuador","1998","NLIS_312298","32.5","",""
"Ecuador","1986","NLIS_310197","40.2","",""
"Egypt","2014","NLIS_313266","22.3","","23.6"
"Egypt","2008","NLIS_312925","30.7","28.4","33.0"
"Egypt","2005","NLIS_312758","23.8","22.2","25.4"
"Egypt","2003","NLIS_312627","20.3","18.0","22.4"
"Egypt","2000","NLIS_312221","24.6","22.6","26.6"
"Egypt","1998","NLIS_312109","26.3","",""
"Egypt","1997-1998","NLIS_311895","30.9","",""
"Egypt","1995-1996","NLIS_311665","34.9","33.4","36.4"
"Egypt","1992-1993","NLIS_311408","31.3","30.7","31.8"
"Egypt","1991","NLIS_310442","34.9","34.1","35.7"
"Egypt","1988","NLIS_310272","36.6","36.1","37.0"
"Egypt","1978","NLIS_310236","43.8","",""
"El Salvador","2014","NLIS_313287","14.0","",""
"El Salvador","2008","NLIS_313070","20.6","19.8","21.3"
"El Salvador","2002-2003","NLIS_312516","24.6","23.5","25.6"
"El Salvador","1998","NLIS_312101","32.3","31.1","33.4"
"El Salvador","1993","NLIS_311293","29.5","28.7","30.3"
"El Salvador","1988","NLIS_311056","36.7","33.8","39.5"
"El Salvador","1975","NLIS_310169","56.2","",""
"Equatorial Guinea","2010","NLIS_313199","26.2","22.2","30.3"
"Equatorial Guinea","2004","NLIS_312850","35.0","33.8","36.0"
"Equatorial Guinea","2000","NLIS_312757","42.6","39.2","46.0"
"Equatorial Guinea","1997","NLIS_312981","38.7","34.3","43.0"
"Eritrea","2010","NLIS_313226","50.3","49.6","51.2"
"Eritrea","2002","NLIS_312494","43.7","41.8","45.4"
"Eritrea","1995-1996","NLIS_311711","44.4","45.4","43.5"
"Eritrea","1993","NLIS_311627","69.6","",""
"Ethiopia","2014","NLIS_313225","40.4","39.7","41.0"
"Ethiopia","2010-2011","NLIS_313116","44.2","42.2","46.1"
"Ethiopia","2005","NLIS_312762","50.7","49.6","51.8"
"Ethiopia","2000","NLIS_312220","57.4","56.0","58.9"
"Ethiopia","1992","NLIS_310533","68.1","",""
"Fiji","2004","NLIS_313153","7.5","6.9","8.0"
"Fiji","1993","NLIS_311513","4.3","",""
"Gabon","2012","NLIS_313162","17.5","15.1","19.8"
"Gabon","2000-2001","NLIS_312278","26.3","23.6","29.0"
"Gambia","2013","NLIS_313275","25.0","23.8","26.2"
"Gambia","2010","NLIS_313214","23.4","21.3","25.4"
"Gambia","2005-2006","NLIS_312861","27.6","26.6","28.6"
"Gambia","2000","NLIS_312328","24.1","22.1","25.9"
"Gambia","1996","NLIS_311787","36.1","",""
"Georgia","2009","NLIS_313082","11.3","10.2","12.3"
"Georgia","2005","NLIS_312889","14.7","13.5","15.8"
"Georgia","1999","NLIS_312073","16.1","",""
"Germany","2003-2006","NLIS_312939","1.3","1.2","1.5"
"Ghana","2014","NLIS_313248","18.8","",""
"Ghana","2011","NLIS_313215","22.7","20.3","25.3"
"Ghana","2008","NLIS_312963","28.6","26.7","30.5"
"Ghana","2006","NLIS_312883","28.1","26.2","29.8"
"Ghana","2003","NLIS_312628","35.6","32.7","38.5"
"Ghana","1998-1999","NLIS_311995","31.3","28.3","34.4"
"Ghana","1993-1994","NLIS_311422","33.5","29.7","37.2"
"Ghana","1988","NLIS_310426","34.7","32.9","36.5"
"Ghana","1987-1988","NLIS_310051","36.7","",""
"Greece","2003-2004","NLIS_312727","1.5","1.9","1.0"
"Guatemala","2014-2015","NLIS_313278","46.5","45.8","47.1"
"Guatemala","2008-2009","NLIS_312917","48.0","47.3","48.7"
"Guatemala","2002","NLIS_312558","54.3","54.1","54.5"
"Guatemala","2000","NLIS_312562","50.0","",""
"Guatemala","1998-1999","NLIS_312082","53.1","51.5","54.6"
"Guatemala","1995","NLIS_311672","55.4","54.0","56.8"
"Guatemala","1987","NLIS_310427","62.1","60.1","64.2"
"Guinea","2012","NLIS_313194","31.3","30.0","32.4"
"Guinea","2011-2012","NLIS_313160","35.8","33.8","37.7"
"Guinea","2007-2008","NLIS_312954","40.0","38.5","41.5"
"Guinea","2005","NLIS_312759","39.3","36.7","42.0"
"Guinea","2000","NLIS_312264","46.9","",""
"Guinea","1999","NLIS_312138","34.3","32.2","36.3"
"Guinea","1994-1995","NLIS_312008","35.3","",""
"Guinea-Bissau","2014","NLIS_313257","27.6","",""
"Guinea-Bissau","2010","NLIS_313216","32.2","29.9","34.4"
"Guinea-Bissau","2008","NLIS_312955","27.7","26.1","29.3"
"Guinea-Bissau","2006","NLIS_312884","47.7","47.0","48.5"
"Guinea-Bissau","2000","NLIS_312358","36.1","34.5","37.8"
"Guyana","2014","NLIS_313258","12.0","",""
"Guyana","2009","NLIS_313119","19.5","18.6","20.5"
"Guyana","2006-2007","NLIS_312887","18.2","17.4","18.8"
"Guyana","2000","NLIS_312624","13.8","12.6","14.9"
"Guyana","1997","NLIS_312231","14.0","",""
"Guyana","1981","NLIS_310229","26.4","",""
"Guyana","1971","NLIS_310150","29.6","",""
"Haiti","2012","NLIS_313163","21.9","20.3","23.4"
"Haiti","2005-2006","NLIS_312792","29.7","26.5","33.2"
"Haiti","2000","NLIS_312276","28.3","25.7","30.9"
"Haiti","1994-1995","NLIS_311547","37.2","36.6","37.9"
"Haiti","1990","NLIS_311544","40.1","",""
"Haiti","1978","NLIS_310151","45.7","",""
"Honduras","2011-2012","NLIS_313165","22.7","20.9","24.4"
"Honduras","2005-2006","NLIS_312770","29.9","28.3","31.5"
"Honduras","2001","NLIS_312365","34.5","32.6","36.2"
"Honduras","1996","NLIS_311917","43.3","43.7","42.9"
"Honduras","1993-1994","NLIS_311614","45.7","",""
"Honduras","1991-1992","NLIS_311325","42.5","",""
"Honduras","1987","NLIS_310457","43.3","",""
"Hungary","1980-1988","NLIS_311509","3.3","2.4","4.1"
"India","2005-2006","NLIS_312799","47.9","48.0","47.9"
"India","1998-1999","NLIS_312180","51.0","50.9","51.2"
"India","1996-1997","NLIS_311923","48.5","",""
"India","1992-1993","NLIS_311549","57.1","55.7","58.5"
"India","1991-1992","NLIS_310387","65.4","",""
"India","1988-1990","NLIS_310405","66.2","",""
"India","1974-1979","NLIS_310396","75.1","",""
"Indonesia","2013","NLIS_313200","36.4","35.5","37.2"
"Indonesia","2010","NLIS_313124","39.2","37.6","40.8"
"Indonesia","2007","NLIS_312916","40.1","38.8","41.3"
"Indonesia","2004","NLIS_312797","28.6","27.4","29.8"
"Indonesia","2001","NLIS_312794","41.6","40.0","43.2"
"Indonesia","2000","NLIS_312794","42.4","41.0","43.7"
"Indonesia","1995","NLIS_311745","48.1","",""
"Iran (Islamic Republic of)","2004","NLIS_313120","7.1","",""
"Iran (Islamic Republic of)","1998","NLIS_312079","20.4","",""
"Iran (Islamic Republic of)","1995","NLIS_311507","24.4","",""
"Iraq","2011","NLIS_313217","22.6","21.7","23.5"
"Iraq","2006","NLIS_312825","27.5","26.2","28.7"
"Iraq","2004","NLIS_313091","20.0","",""
"Iraq","2003","NLIS_313090","33.7","",""
"Iraq","2000","NLIS_312414","28.3","27.6","28.9"
"Iraq","1991","NLIS_310456","27.6","",""
"Italy","1975-1977","NLIS_310274","4.3","",""
"Jamaica","2012","NLIS_313273","5.7","5.8","5.6"
"Jamaica","2010","NLIS_313129","4.8","3.7","6.0"
"Jamaica","2008","NLIS_313142","5.2","3.5","6.9"
"Jamaica","2007","NLIS_312910","3.8","4.1","3.5"
"Jamaica","2006","NLIS_312909","5.6","5.2","6.0"
"Jamaica","2004","NLIS_312776","4.5","3.5","5.7"
"Jamaica","2002","NLIS_312775","6.6","6.0","7.2"
"Jamaica","2001","NLIS_312774","6.4","3.8","8.9"
"Jamaica","2000","NLIS_312773","6.6","3.3","9.4"
"Jamaica","1999","NLIS_312364","6.3","5.0","7.5"
"Jamaica","1998","NLIS_312317","8.3","7.0","9.6"
"Jamaica","1997","NLIS_312047","8.6","6.6","10.7"
"Jamaica","1996","NLIS_312046","11.1","8.3","13.7"
"Jamaica","1995","NLIS_312045","9.5","6.7","12.2"
"Jamaica","1994","NLIS_311604","11.9","10.0","13.6"
"Jamaica","1993","NLIS_311587","13.5","",""
"Jamaica","1992","NLIS_311586","14.7","",""
"Jamaica","1991","NLIS_311585","9.1","",""
"Jamaica","1989","NLIS_310422","12.4","",""
"Jamaica","1978","NLIS_310212","16.6","",""
"Japan","2010","NLIS_313268","7.1","6.5","7.6"
"Japan","1978-1981","NLIS_310325","8.3","",""
"Jordan","2012","NLIS_313168","7.8","6.2","9.3"
"Jordan","2009","NLIS_313042","8.3","8.7","7.9"
"Jordan","2002","NLIS_312522","12.0","12.1","11.9"
"Jordan","1997","NLIS_311927","11.1","10.4","11.9"
"Jordan","1990","NLIS_310364","20.5","18.9","22.0"
"Kazakhstan","2010-2011","NLIS_313159","13.1","13.0","13.2"
"Kazakhstan","2006","NLIS_312860","17.5","16.9","17.9"
"Kazakhstan","1999","NLIS_312181","13.9","13.5","14.4"
"Kazakhstan","1995","NLIS_311674","19.0","15.4","23.2"
"Kenya","2014","NLIS_313250","26.0","",""
"Kenya","2008-2009","NLIS_313020","35.2","33.1","37.3"
"Kenya","2005-2006","NLIS_313101","40.9","",""
"Kenya","2003","NLIS_312590","35.8","32.1","39.4"
"Kenya","2000","NLIS_312568","41.0","37.4","44.6"
"Kenya","1998","NLIS_311993","37.0","32.7","41.2"
"Kenya","1994","NLIS_311571","39.8","",""
"Kenya","1993","NLIS_311002","40.2","36.7","43.8"
"Kenya","1985-1989","NLIS_310438","38.4","",""
"Kenya","1982","NLIS_310061","44.3","",""
"Kenya","1978-1979","NLIS_310060","41.6","",""
"Kiribati","1985","NLIS_310973","34.4","",""
"Kuwait","2014","NLIS_313254","5.8","4.5","7.3"
"Kuwait","2013","NLIS_313254","4.8","4.6","5.1"
"Kuwait","2012","NLIS_313144","4.3","4.4","4.1"
"Kuwait","2011","NLIS_313144","4.0","3.7","4.4"
"Kuwait","2010","NLIS_313144","4.1","3.6","4.5"
"Kuwait","2009","NLIS_313048","3.8","3.4","4.2"
"Kuwait","2008","NLIS_313048","5.1","5.0","5.2"
"Kuwait","2007","NLIS_313048","5.1","4.3","5.9"
"Kuwait","2006","NLIS_313048","4.6","4.9","4.3"
"Kuwait","2005","NLIS_313010","4.5","3.8","5.1"
"Kuwait","2004","NLIS_313010","4.1","4.2","4.0"
"Kuwait","2003","NLIS_313010","3.9","3.2","4.7"
"Kuwait","2002","NLIS_313010","3.6","2.7","4.4"
"Kuwait","2001","NLIS_313010","4.0","3.4","4.5"
"Kuwait","1996-1997","NLIS_311840","5.0","",""
"Kuwait","1994-1995","NLIS_311859","14.9","",""
"Kuwait","1983-1984","NLIS_310254","16.7","",""
"Kyrgyzstan","2014","NLIS_313239","12.9","",""
"Kyrgyzstan","2012","NLIS_312868","17.8","15.5","19.9"
"Kyrgyzstan","2009","NLIS_313171","22.6","22.1","23.1"
"Kyrgyzstan","2005-2006","NLIS_312827","18.1","17.5","18.7"
"Kyrgyzstan","1997","NLIS_311841","32.6","29.7","35.4"
"Lao People's Democratic Republic","2011-2012","NLIS_313176","43.8","42.1","45.5"
"Lao People's Democratic Republic","2006","NLIS_312921","47.6","46.8","48.3"
"Lao People's Democratic Republic","2000","NLIS_312355","48.2","46.7","49.8"
"Lao People's Democratic Republic","1994","NLIS_311249","52.9","",""
"Lao People's Democratic Republic","1993","NLIS_311522","53.6","",""
"Lebanon","2004","NLIS_312913","16.5","17.0","16.0"
"Lebanon","1996","NLIS_311660","17.2","17.1","17.3"
"Lesotho","2014","NLIS_313251","33.2","",""
"Lesotho","2009-2010","NLIS_313098","39.0","35.0","43.1"
"Lesotho","2004-2005","NLIS_312798","45.2","42.4","48.0"
"Lesotho","2000","NLIS_312366","53.0","51.2","54.8"
"Lesotho","1993","NLIS_311524","37.5","",""
"Lesotho","1992","NLIS_311313","39.2","",""
"Lesotho","1976","NLIS_310101","47.4","",""
"Liberia","2013","NLIS_313233","32.1","29.0","34.8"
"Liberia","2006-2007","NLIS_312873","39.4","36.7","41.9"
"Liberia","1999-2000","NLIS_312437","45.3","41.5","48.9"
"Liberia","1976","NLIS_310005","43.1","",""
"Libya","2007","NLIS_312923","21.0","19.6","22.2"
"Libya","1995","NLIS_311605","21.1","19.3","23.0"
"Libya","1995","NLIS_312858","20.7","",""
"Madagascar","2008-2009","NLIS_313021","49.2","46.7","51.6"
"Madagascar","2003-2004","NLIS_312673","52.8","51.5","54.2"
"Madagascar","1997","NLIS_311864","55.5","51.5","59.5"
"Madagascar","1995","NLIS_311611","55.2","",""
"Madagascar","1993-1994","NLIS_311583","54.1","",""
"Madagascar","1992","NLIS_310878","60.9","57.5","64.1"
"Madagascar","1983-1984","NLIS_310119","40.0","",""
"Malawi","2013-2014","NLIS_313232","42.4","",""
"Malawi","2010","NLIS_313100","47.8","44.1","51.8"
"Malawi","2009","NLIS_313099","48.8","45.6","52.4"
"Malawi","2006","NLIS_312890","53.2","51.1","55.4"
"Malawi","2004-2005","NLIS_312763","52.5","49.9","55.0"
"Malawi","2000","NLIS_312277","54.6","52.7","56.6"
"Malawi","1997-1998","NLIS_312455","63.6","",""
"Malawi","1995","NLIS_311700","53.8","",""
"Malawi","1992","NLIS_311409","55.8","53.5","58.1"
"Malawi","1982","NLIS_310107","61.1","",""
"Malawi","1981","NLIS_310107","61.2","",""
"Malaysia","2006","NLIS_313083","17.2","17.2","17.2"
"Malaysia","1999","NLIS_312549","20.7","",""
"Maldives","2009","NLIS_313063","20.3","19.0","21.6"
"Maldives","2001","NLIS_312548","31.9","31.0","32.6"
"Maldives","1997-1998","NLIS_311999","46.7","41.0","53.5"
"Maldives","1995","NLIS_311778","33.0","",""
"Maldives","1994","NLIS_311569","36.1","35.5","36.6"
"Mali","2006","NLIS_312855","38.5","36.2","40.7"
"Mali","2001","NLIS_312387","42.7","41.5","43.9"
"Mali","1996","NLIS_311831","54.1","",""
"Mali","1995-1996","NLIS_311682","36.2","33.6","39.0"
"Mali","1987","NLIS_310045","32.5","30.7","34.2"
"Mauritania","2012","NLIS_313147","22.0","19.5","24.4"
"Mauritania","2011","NLIS_313218","29.7","28.3","31.2"
"Mauritania","2008","NLIS_312952","23.0","20.0","25.8"
"Mauritania","2007","NLIS_312895","28.9","27.3","30.4"
"Mauritania","2000-2001","NLIS_312319","39.5","38.8","40.2"
"Mauritania","1995-1996","NLIS_311662","49.8","",""
"Mauritania","1990","NLIS_310444","54.8","52.8","56.9"
"Mauritania","1988","NLIS_310443","40.2","",""
"Mauritius","1995","NLIS_311624","13.6","",""
"Mauritius","1985","NLIS_310129","27.3","",""
"Mexico","2011-2012","NLIS_313139","13.6","12.1","15.1"
"Mexico","2006","NLIS_312786","15.5","15.0","16.0"
"Mexico","1998-1999","NLIS_312108","21.7","20.3","23.0"
"Mexico","1996","NLIS_311876","40.1","",""
"Mexico","1989","NLIS_310430","40.4","38.2","42.7"
"Mexico","1988","NLIS_310431","28.7","",""
"Mongolia","2013","NLIS_313231","10.8","",""
"Mongolia","2010","NLIS_313195","15.6","14.7","16.4"
"Mongolia","2005","NLIS_312872","27.5","25.6","29.2"
"Mongolia","2004","NLIS_312755","23.5","19.3","27.1"
"Mongolia","2000","NLIS_312436","29.8","28.1","31.4"
"Mongolia","1999","NLIS_312017","30.1","27.9","32.3"
"Mongolia","1992","NLIS_310500","32.5","",""
"Montenegro","2013","NLIS_313219","9.4","8.4","10.3"
"Montenegro","2005-2006","NLIS_312853","7.9","7.5","8.4"
"Morocco","2010-2011","NLIS_313115","14.9","14.0","15.8"
"Morocco","2003-2004","NLIS_312690","23.1","21.9","24.4"
"Morocco","1996-1997","NLIS_312523","29.0","27.0","30.9"
"Morocco","1992","NLIS_310561","29.9","28.5","31.2"
"Morocco","1987","NLIS_310441","34.5","34.0","35.1"
"Mozambique","2011","NLIS_313146","43.1","41.0","45.3"
"Mozambique","2008","NLIS_313095","43.7","40.7","46.8"
"Mozambique","2003","NLIS_312691","47.0","44.6","49.5"
"Mozambique","2000-2001","NLIS_313089","49.6","",""
"Mozambique","1997","NLIS_311853","45.3","41.2","49.3"
"Mozambique","1995","NLIS_311696","59.9","",""
"Myanmar","2009-2010","NLIS_313123","35.1","33.4","36.7"
"Myanmar","2003","NLIS_312661","40.6","39.7","41.5"
"Myanmar","2000","NLIS_312654","40.8","39.5","42.1"
"Myanmar","1997","NLIS_312024","47.6","",""
"Myanmar","1994","NLIS_311570","50.4","",""
"Myanmar","1991","NLIS_310653","46.0","",""
"Myanmar","1983-1985","NLIS_310298","55.1","",""
"Namibia","2013","NLIS_313243","23.1","20.7","25.6"
"Namibia","2006-2007","NLIS_312874","29.6","27.1","32.0"
"Namibia","2000","NLIS_312557","29.5","28.6","30.3"
"Namibia","1992","NLIS_310471","35.7","32.2","39.3"
"Nauru","2007","NLIS_313065","24.0","",""
"Nepal","2014","NLIS_313288","37.4","",""
"Nepal","2011","NLIS_313114","40.5","39.5","41.3"
"Nepal","2006","NLIS_312791","49.3","49.6","49.1"
"Nepal","2001","NLIS_312336","57.1","57.1","57.1"
"Nepal","1997-1998","NLIS_312189","61.1","59.5","62.6"
"Nepal","1996","NLIS_311706","56.6","56.4","56.8"
"Nepal","1995","NLIS_311581","64.5","",""
"Nepal","1975","NLIS_310282","75.0","75.1","74.9"
"Netherlands","1980","NLIS_310904","1.8","1.1","2.4"
"Nicaragua","2006-2007","NLIS_313071","23.0","21.9","24.0"
"Nicaragua","2003-2005","NLIS_312902","18.8","16.2","21.5"
"Nicaragua","2001","NLIS_312388","25.2","23.8","26.6"
"Nicaragua","1998","NLIS_312433","28.3","27.1","29.5"
"Nicaragua","1997-1998","NLIS_311918","30.5","28.8","32.2"
"Nicaragua","1993","NLIS_311429","29.6","27.8","31.4"
"Nicaragua","1980-1982","NLIS_310161","27.5","",""
"Niger","2012","NLIS_313177","43.0","41.1","44.8"
"Niger","2006","NLIS_312793","54.8","52.6","56.8"
"Niger","2000","NLIS_312191","54.2","51.9","56.2"
"Niger","1998","NLIS_311915","47.0","44.4","49.5"
"Niger","1992","NLIS_310526","48.3","46.2","50.2"
"Niger","1985","NLIS_310047","43.8","",""
"Nigeria","2014","NLIS_313270","32.9","30.8","34.9"
"Nigeria","2013","NLIS_313204","36.4","34.8","38.0"
"Nigeria","2011","NLIS_313157","36.0","35.0","37.0"
"Nigeria","2008","NLIS_312964","41.0","38.8","43.1"
"Nigeria","2007","NLIS_313037","42.8","41.2","44.3"
"Nigeria","2003","NLIS_312589","43.0","40.0","45.9"
"Nigeria","1999","NLIS_312381","39.7","",""
"Nigeria","1993","NLIS_311713","43.8","",""
"Nigeria","1990","NLIS_310377","50.5","49.2","52.0"
"Oman","2014","NLIS_313284","14.1","",""
"Oman","2009","NLIS_313055","9.8","8.5","11.3"
"Oman","1999","NLIS_312375","12.9","11.5","14.2"
"Oman","1994-1995","NLIS_311560","21.4","16.2","26.4"
"Oman","1991","NLIS_310501","26.4","",""
"Pakistan","2012-2013","NLIS_313178","45.0","41.7","48.4"
"Pakistan","2011","NLIS_313113","43.0","42.0","43.8"
"Pakistan","2001","NLIS_312588","41.5","40.8","42.2"
"Pakistan","1990-1994","NLIS_311931","42.7","42.1","43.2"
"Pakistan","1990-1991","NLIS_310537","54.5","52.1","56.7"
"Pakistan","1985-1987","NLIS_311276","62.5","",""
"Pakistan","1977","NLIS_311267","70.5","",""
"Panama","2008","NLIS_313112","19.1","18.9","19.5"
"Panama","2003","NLIS_313111","22.2","",""
"Panama","1997","NLIS_312113","21.5","19.1","23.9"
"Panama","1980","NLIS_310178","24.3","",""
"Papua New Guinea","2009-2011","NLIS_313202","49.5","47.9","50.9"
"Papua New Guinea","2005","NLIS_312912","43.9","39.6","47.4"
"Papua New Guinea","1982-1983","NLIS_310357","50.2","45.9","54.1"
"Paraguay","2011-2012","NLIS_313272","10.9","10.4","11.4"
"Paraguay","2005","NLIS_313085","17.5","",""
"Paraguay","1990","NLIS_310233","18.3","16.3","20.2"
"Peru","2014","NLIS_313281","14.6","13.4","15.7"
"Peru","2012","NLIS_313193","18.4","17.9","18.8"
"Peru","2011","NLIS_313192","19.6","19.0","20.1"
"Peru","2010","NLIS_313191","23.3","21.5","25.1"
"Peru","2009","NLIS_313190","23.9","23.0","24.8"
"Peru","2007-2008","NLIS_313023","28.2","25.9","30.5"
"Peru","2005","NLIS_312932","29.8","26.3","33.2"
"Peru","2000","NLIS_312320","31.3","30.1","32.5"
"Peru","1996","NLIS_311757","31.6","30.3","32.9"
"Peru","1991-1992","NLIS_310363","37.3","35.5","39.1"
"Peru","1984","NLIS_310218","43.9","",""
"Philippines","2013-2014","NLIS_313277","30.3","29.1","31.5"
"Philippines","2011","NLIS_313143","33.6","32.2","34.9"
"Philippines","2008","NLIS_313072","32.3","31.1","33.5"
"Philippines","2003","NLIS_312772","33.8","31.9","35.5"
"Philippines","1998","NLIS_312176","38.3","",""
"Philippines","1993","NLIS_311510","38.9","",""
"Philippines","1992","NLIS_311346","40.9","",""
"Philippines","1989-1990","NLIS_310416","43.3","",""
"Philippines","1987","NLIS_310417","44.7","",""
"Philippines","1982","NLIS_310338","48.7","",""
"Philippines","1971-1975","NLIS_310318","60.2","",""
"Qatar","1995","NLIS_311525","11.6","",""
"Republic of Korea","2008-2011","NLIS_313179","2.5","2.7","2.4"
"Republic of Korea","2003","NLIS_312966","2.5","2.5","2.4"
"Republic of Moldova","2012","NLIS_313241","6.4","7.0","5.8"
"Republic of Moldova","2005","NLIS_312788","11.3","11.5","11.0"
"Romania","2002","NLIS_312477","12.8","11.1","14.4"
"Romania","2001","NLIS_312477","14.0","11.7","16.1"
"Romania","2000","NLIS_312477","12.8","10.8","14.8"
"Romania","1999","NLIS_312477","15.3","12.8","17.6"
"Romania","1991","NLIS_310558","11.2","",""
"Rwanda","2010-2011","NLIS_313121","44.3","41.1","47.4"
"Rwanda","2005","NLIS_312800","51.7","50.3","53.1"
"Rwanda","2000","NLIS_312321","48.3","45.9","50.8"
"Rwanda","2000","NLIS_313075","46.8","",""
"Rwanda","1996","NLIS_312016","47.8","",""
"Rwanda","1992","NLIS_310967","56.8","54.2","59.4"
"Rwanda","1976","NLIS_310062","42.8","",""
"Saint Lucia","2012","NLIS_313209","2.5","",""
"Saint Lucia","1976","NLIS_310196","15.0","",""
"Samoa","1999","NLIS_312514","6.4","",""
"Sao Tome and Principe","2014","NLIS_313285","17.2","",""
"Sao Tome and Principe","2008-2009","NLIS_312946","31.6","32.0","31.2"
"Sao Tome and Principe","2006","NLIS_313087","28.9","",""
"Sao Tome and Principe","2000","NLIS_312394","35.2","31.7","39.0"
"Sao Tome and Principe","1986","NLIS_310132","32.0","",""
"Saudi Arabia","2004-2005","NLIS_312809","9.3","7.8","10.8"
"Saudi Arabia","1994","NLIS_312613","21.4","",""
"Senegal","2014","NLIS_313265","19.4","17.8","20.9"
"Senegal","2012-2013","NLIS_313205","19.2","17.4","20.9"
"Senegal","2012","NLIS_313141","15.5","13.5","17.3"
"Senegal","2010-2011","NLIS_313118","28.7","30.6","29.7"
"Senegal","2005","NLIS_312765","20.1","18.8","21.3"
"Senegal","2000","NLIS_312368","29.5","26.7","32.3"
"Senegal","1996","NLIS_311782","28.8","",""
"Senegal","1992-1993","NLIS_310998","33.7","31.4","36.0"
"Senegal","1991-1992","NLIS_310551","35.3","",""
"Senegal","1986","NLIS_310044","27.9","24.8","31.0"
"Serbia","2014","NLIS_313230","6.0","",""
"Serbia","2010","NLIS_313155","6.6","7.2","5.9"
"Serbia","2005-2006","NLIS_312851","8.1","8.0","8.2"
"Seychelles","2012","NLIS_313223","7.9","",""
"Seychelles","1987-1988","NLIS_310139","7.7","",""
"Sierra Leone","2013","NLIS_313234","37.9","36.8","39.0"
"Sierra Leone","2010","NLIS_313134","44.9","42.3","47.5"
"Sierra Leone","2010","NLIS_313149","32.6","29.1","36.2"
"Sierra Leone","2008","NLIS_312971","37.4","35.4","39.5"
"Sierra Leone","2005","NLIS_312867","46.9","44.9","49.0"
"Sierra Leone","2000","NLIS_312367","38.4","35.1","41.6"
"Sierra Leone","1990","NLIS_310583","40.9","",""
"Sierra Leone","1989","NLIS_310583","41.4","",""
"Sierra Leone","1977-1978","NLIS_310013","48.7","",""
"Sierra Leone","1974-1975","NLIS_310007","40.3","",""
"Singapore","2000","NLIS_312536","4.4","3.9","4.9"
"Singapore","1970-1977","NLIS_310319","10.7","9.4","11.9"
"Solomon Islands","2006-2007","NLIS_312947","32.8","",""
"Solomon Islands","1989","NLIS_311609","33.7","31.7","35.5"
"Solomon Islands","1970","NLIS_310320","31.3","32.8","30.1"
"Somalia","2009","NLIS_313274","25.3","22.7","27.7"
"Somalia","2006","NLIS_312852","42.1","41.3","42.7"
"Somalia","2000","NLIS_312219","29.2","",""
"South Africa","2008","NLIS_313051","23.9","",""
"South Africa","2003-2004","NLIS_313106","32.8","30.5","35.2"
"South Africa","1999","NLIS_312266","30.9","",""
"South Africa","1994-1995","NLIS_311520","28.7","",""
"South Africa","1993-1994","NLIS_311502","31.5","",""
"South Sudan","2010","NLIS_313224","31.1","28.9","33.1"
"South Sudan","2006","NLIS_313150","36.2","32.9","39.3"
"Sri Lanka","2012","NLIS_313196","14.7","14.6","14.8"
"Sri Lanka","2009","NLIS_312989","19.2","18.7","19.8"
"Sri Lanka","2006-2007","NLIS_312922","17.3","16.5","18.1"
"Sri Lanka","2000","NLIS_312634","18.4","19.9","17.0"
"Sri Lanka","1995","NLIS_311986","26.1","",""
"Sri Lanka","1993","NLIS_311548","29.7","",""
"Sri Lanka","1987","NLIS_310303","31.2","30.5","31.7"
"Sri Lanka","1977-1978","NLIS_310619","50.4","",""
"Sudan","2014","NLIS_313259","38.2","",""
"Sudan","2006","NLIS_312911","37.9","35.8","39.8"
"Sudan","2006","NLIS_313151","38.3","36.6","40.0"
"Sudan","2000","NLIS_312369","47.6","46.8","48.4"
"Sudan","1992-1993","NLIS_311006","38.6","37.9","39.3"
"Suriname","2010","NLIS_313152","8.8","7.7","9.9"
"Suriname","2006","NLIS_313040","10.7","9.8","11.6"
"Suriname","1999-2000","NLIS_312352","14.5","11.8","17.0"
"Swaziland","2014","NLIS_313289","25.5","",""
"Swaziland","2010","NLIS_313145","31.0","28.1","34.1"
"Swaziland","2008","NLIS_313088","40.4","",""
"Swaziland","2006-2007","NLIS_312894","29.5","26.1","33.0"
"Swaziland","2000","NLIS_312370","36.6","34.1","38.9"
"Swaziland","1983-1984","NLIS_310124","36.5","",""
"Syrian Arab Republic","2009","NLIS_313068","27.5","26.5","28.4"
"Syrian Arab Republic","2006","NLIS_312880","28.6","27.0","30.1"
"Syrian Arab Republic","2001","NLIS_312875","31.1","29.3","32.9"
"Syrian Arab Republic","2000","NLIS_312386","24.3","",""
"Syrian Arab Republic","1995","NLIS_311789","26.5","",""
"Syrian Arab Republic","1993","NLIS_311508","32.9","31.2","34.5"
"Tajikistan","2012","NLIS_313164","26.8","26.8","26.7"
"Tajikistan","2009","NLIS_313170","28.8","26.7","30.8"
"Tajikistan","2007","NLIS_313069","39.2","37.2","41.1"
"Tajikistan","2005","NLIS_312862","33.1","30.7","35.4"
"Tajikistan","2003","NLIS_312551","42.4","",""
"Tajikistan","2002","NLIS_312383","37.1","",""
"Tajikistan","2001","NLIS_312555","43.2","",""
"Tajikistan","2000","NLIS_312554","42.1","",""
"Tajikistan","1999","NLIS_312553","41.5","",""
"Thailand","2012","NLIS_313207","16.3","16.3","16.4"
"Thailand","2005-2006","NLIS_312481","15.7","15.0","16.5"
"Thailand","1995","NLIS_312178","18.1","",""
"Thailand","1993","NLIS_312010","21.1","",""
"Thailand","1987","NLIS_310309","25.3","23.4","27.3"
"The former Yugoslav republic of Macedonia","2011","NLIS_313210","4.9","4.3","5.6"
"The former Yugoslav republic of Macedonia","2010-2011","NLIS_313138","10.5","10.0","11.0"
"The former Yugoslav republic of Macedonia","2005","NLIS_312866","11.5","9.2","13.5"
"The former Yugoslav republic of Macedonia","2004","NLIS_312756","1.2","0.9","1.4"
"The former Yugoslav republic of Macedonia","1999","NLIS_311998","8.0","6.3","9.6"
"Timor-Leste","2013","NLIS_313286","50.2","47.2","53.1"
"Timor-Leste","2009-2010","NLIS_313066","57.7","55.6","59.8"
"Timor-Leste","2007-2008","NLIS_313109","53.9","51.5","56.3"
"Timor-Leste","2003","NLIS_312662","54.8","",""
"Timor-Leste","2002","NLIS_312529","55.7","52.9","58.4"
"Togo","2013-2014","NLIS_313264","27.5","26.9","28.1"
"Togo","2010","NLIS_313148","29.8","27.8","31.6"
"Togo","2008","NLIS_312956","26.9","25.2","28.4"
"Togo","2006","NLIS_312882","27.8","24.9","30.7"
"Togo","1998","NLIS_311929","29.8","25.6","34.3"
"Togo","1996","NLIS_311781","40.2","",""
"Togo","1988","NLIS_310439","36.6","32.8","40.4"
"Togo","1988","NLIS_310440","39.8","",""
"Togo","1976-1977","NLIS_310009","39.9","",""
"Tonga","2012","NLIS_313255","8.1","","9.1 9.1"
"Tonga","1986","NLIS_311625","2.2","",""
"Trinidad and Tobago","2000","NLIS_312526","5.3","3.5","7.0"
"Trinidad and Tobago","1987","NLIS_310222","5.7","5.2","6.3"
"Trinidad and Tobago","1976","NLIS_310154","16.9","",""
"Tunisia","2011-2012","NLIS_313208","10.1","8.8","11.3"
"Tunisia","2006","NLIS_312924","9.0","8.0","9.9"
"Tunisia","2000","NLIS_312373","16.8","",""
"Tunisia","1996-1997","NLIS_311969","11.9","",""
"Tunisia","1994-1995","NLIS_311539","30.9","30.9","30.9"
"Tunisia","1988","NLIS_310702","20.3","19.7","20.9"
"Tunisia","1973-1975","NLIS_310240","41.8","44.2","39.6"
"Turkey","2013-2014","NLIS_313227","9.5","8.0","10.9"
"Turkey","2008","NLIS_313203","12.3","",""
"Turkey","2003-2004","NLIS_312781","15.6","16.6","14.7"
"Turkey","1998","NLIS_311996","19.1","18.8","19.5"
"Turkey","1993","NLIS_311387","24.1","23.0","25.1"
"Turkmenistan","2006","NLIS_313283","18.9","17.0","20.7"
"Turkmenistan","2000","NLIS_312304","28.1","",""
"Tuvalu","2007","NLIS_312945","10.0","",""
"Uganda","2011","NLIS_313131","33.7","30.1","37.3"
"Uganda","2006","NLIS_312885","38.7","36.1","41.2"
"Uganda","2000-2001","NLIS_312313","44.8","42.1","47.5"
"Uganda","1995","NLIS_311648","45.0","41.6","48.5"
"Uganda","1988-1989","NLIS_310095","47.6","43.8","51.6"
"Ukraine","2002","NLIS_312682","4.3","",""
"Ukraine","2000","NLIS_312288","22.9","22.8","22.9"
"United Kingdom of Great Britain and Northern Ireland","1973-1979","NLIS_310277","3.9","",""
"United Republic of Tanzania","2010-2011","NLIS_313167","34.8","34.2","35.3"
"United Republic of Tanzania","2009-2010","NLIS_313076","42.5","39.2","45.9"
"United Republic of Tanzania","2008-2009","NLIS_313167","43.0","40.7","45.6"
"United Republic of Tanzania","2004-2005","NLIS_312766","44.4","41.8","47.1"
"United Republic of Tanzania","1999","NLIS_312182","48.3","45.5","51.0"
"United Republic of Tanzania","1996","NLIS_311752","49.7","46.7","52.5"
"United Republic of Tanzania","1991-1992","NLIS_310473","49.7","47.0","52.5"
"United States of America","2011-2012","NLIS_313188","2.1","1.2","3.0"
"United States of America","2007-2010","NLIS_313186","2.7","2.2","3.2"
"United States of America","2003-2006","NLIS_313183","3.2","2.4","3.9"
"United States of America","1999-2004","NLIS_312859","3.9","3.2","4.5"
"United States of America","1999-2002","NLIS_312606","3.3","2.4","4.1"
"United States of America","1988-1994","NLIS_311766","3.2","3.1","3.3"
"United States of America","1963-1975","NLIS_310165","3.7","",""
"Uruguay","2011","NLIS_313127","11.7","10.3","13.2"
"Uruguay","2007","NLIS_313127","11.8","10.2","13.4"
"Uruguay","2004","NLIS_312777","13.9","11.7","16.1"
"Uruguay","2003","NLIS_313127","17.2","14.9","19.4"
"Uruguay","2002","NLIS_312778","14.7","13.5","15.8"
"Uruguay","1999","NLIS_313127","13.9","11.9","15.9"
"Uruguay","1987","NLIS_310198","21.0","",""
"Uzbekistan","2006","NLIS_312783","19.6","19.7","19.5"
"Uzbekistan","2002","NLIS_312629","25.3","24.3","26.2"
"Uzbekistan","1996","NLIS_311758","39.0","34.7","43.2"
"Vanuatu","2013","NLIS_313253","28.5","",""
"Vanuatu","2007","NLIS_313028","25.9","20.0","31.2"
"Vanuatu","1996","NLIS_312491","25.7","",""
"Vanuatu","1983","NLIS_310337","24.6","",""
"Venezuela (Bolivarian Republic of)","2009","NLIS_313128","13.4","",""
"Venezuela (Bolivarian Republic of)","2008","NLIS_313128","14.6","",""
"Venezuela (Bolivarian Republic of)","2007","NLIS_313024","15.6","",""
"Venezuela (Bolivarian Republic of)","2006","NLIS_313128","16.2","",""
"Venezuela (Bolivarian Republic of)","2005","NLIS_313128","16.2","",""
"Venezuela (Bolivarian Republic of)","2004","NLIS_313128","17.1","",""
"Venezuela (Bolivarian Republic of)","2003","NLIS_313128","17.7","",""
"Venezuela (Bolivarian Republic of)","2002","NLIS_313128","17.6","",""
"Venezuela (Bolivarian Republic of)","2001","NLIS_313128","17.3","",""
"Venezuela (Bolivarian Republic of)","2000","NLIS_312247","17.4","",""
"Venezuela (Bolivarian Republic of)","1999","NLIS_312149","18.3","",""
"Venezuela (Bolivarian Republic of)","1998","NLIS_312020","19.2","",""
"Venezuela (Bolivarian Republic of)","1997","NLIS_311854","19.9","",""
"Venezuela (Bolivarian Republic of)","1996","NLIS_311854","19.3","",""
"Venezuela (Bolivarian Republic of)","1995","NLIS_311854","18.9","",""
"Venezuela (Bolivarian Republic of)","1994","NLIS_311616","17.9","",""
"Venezuela (Bolivarian Republic of)","1993","NLIS_311562","17.4","",""
"Venezuela (Bolivarian Republic of)","1992","NLIS_311562","18.3","",""
"Venezuela (Bolivarian Republic of)","1991","NLIS_311562","18.2","",""
"Venezuela (Bolivarian Republic of)","1990","NLIS_311562","18.6","",""
"Venezuela (Bolivarian Republic of)","1987","NLIS_311550","7.0","",""
"Venezuela (Bolivarian Republic of)","1981-1982","NLIS_310192","9.4","",""
"Viet Nam","2013","NLIS_313256","19.4","",""
"Viet Nam","2010-2011","NLIS_313133","23.3","23.2","23.4"
"Viet Nam","2009-2010","NLIS_313169","29.3","27.1","31.5"
"Viet Nam","2008","NLIS_312951","30.5","29.0","31.9"
"Viet Nam","2007","NLIS_312951","32.2","30.4","33.9"
"Viet Nam","2006","NLIS_312857","35.8","",""
"Viet Nam","2006","NLIS_312951","31.8","30.5","33.1"
"Viet Nam","2005","NLIS_312951","33.2","31.5","34.7"
"Viet Nam","2004","NLIS_312951","33.7","32.0","35.4"
"Viet Nam","2003","NLIS_312951","35.4","33.7","36.9"
"Viet Nam","2002","NLIS_312951","37.5","36.2","38.8"
"Viet Nam","2000","NLIS_312248","42.7","",""
"Viet Nam","2000","NLIS_312780","43.4","42.5","44.2"
"Viet Nam","2000","NLIS_312951","42.8","39.5","45.0"
"Viet Nam","1999","NLIS_311997","44.8","",""
"Viet Nam","1999","NLIS_312951","43.7","42.0","45.4"
"Viet Nam","1998","NLIS_311897","42.1","",""
"Viet Nam","1994","NLIS_311443","52.5","",""
"Viet Nam","1992-1993","NLIS_311591","61.4","61.5","61.4"
"Viet Nam","1987-1989","NLIS_310349","61.3","",""
"Viet Nam","1983-1984","NLIS_310336","64.1","",""
"Yemen","2013","NLIS_313276","46.8","45.6","47.9"
"Yemen","2011","NLIS_313174","46.6","46.2","47.0"
"Yemen","2003","NLIS_312891","57.7","56.9","58.5"
"Yemen","1997","NLIS_311785","59.3","58.3","60.3"
"Yemen","1996","NLIS_311777","50.4","",""
"Yemen","1991-1992","NLIS_310689","52.4","57.1","46.5"
"Zambia","2013-2014","NLIS_313263","40.0","37.7","42.3"
"Zambia","2007","NLIS_312893","45.8","42.9","48.8"
"Zambia","2001-2002","NLIS_312490","52.5","50.9","54.1"
"Zambia","1999","NLIS_312915","57.9","55.7","59.9"
"Zambia","1996-1997","NLIS_311756","48.6","47.2","50.0"
"Zambia","1995","NLIS_313081","58.1","",""
"Zambia","1992","NLIS_310414","46.4","43.3","49.7"
"Zimbabwe","2014","NLIS_313228","27.6","24.1","31.1"
"Zimbabwe","2010-2011","NLIS_313110","32.3","28.7","36.0"
"Zimbabwe","2009","NLIS_313221","35.1","32.3","37.8"
"Zimbabwe","2005-2006","NLIS_312790","35.8","33.1","38.6"
"Zimbabwe","1999","NLIS_312197","33.7","31.7","35.6"
"Zimbabwe","1994","NLIS_311474","28.9","26.4","31.6"
"Zimbabwe","1988","NLIS_310138","31.0","28.8","33.1"
